{
  "JDBC Request" : {
    "transaction" : "JDBC Request",
    "sampleCount" : 5,
    "errorCount" : 0,
    "errorPct" : 0.0,
    "meanResTime" : 3723.0,
    "medianResTime" : 3728.0,
    "minResTime" : 3317.0,
    "maxResTime" : 4212.0,
    "pct1ResTime" : 4212.0,
    "pct2ResTime" : 4212.0,
    "pct3ResTime" : 4212.0,
    "throughput" : 1.1870845204178537,
    "receivedKBytesPerSec" : 23891.898333630106,
    "sentKBytesPerSec" : 0.0
  },
  "Debug Sampler" : {
    "transaction" : "Debug Sampler",
    "sampleCount" : 5,
    "errorCount" : 0,
    "errorPct" : 0.0,
    "meanResTime" : 0.6,
    "medianResTime" : 0.0,
    "minResTime" : 0.0,
    "maxResTime" : 2.0,
    "pct1ResTime" : 2.0,
    "pct2ResTime" : 2.0,
    "pct3ResTime" : 2.0,
    "throughput" : 17.182130584192443,
    "receivedKBytesPerSec" : 5.856019115120275,
    "sentKBytesPerSec" : 0.0
  },
  "Total" : {
    "transaction" : "Total",
    "sampleCount" : 10,
    "errorCount" : 0,
    "errorPct" : 0.0,
    "meanResTime" : 1861.8000000000002,
    "medianResTime" : 1659.5,
    "minResTime" : 0.0,
    "maxResTime" : 4212.0,
    "pct1ResTime" : 4170.8,
    "pct2ResTime" : 4212.0,
    "pct3ResTime" : 4212.0,
    "throughput" : 2.3736055067647754,
    "receivedKBytesPerSec" : 23886.63182597021,
    "sentKBytesPerSec" : 0.0
  }
}